{
  "n": 4502,
  "tp": 651,
  "tn": 2481,
  "fp": 1025,
  "fn": 345,
  "accuracy": 0.6956908040870724,
  "precision": 0.3884248210023866,
  "recall": 0.6536144578313253,
  "f1": 0.4872754491017964,
  "auc_approx": 0.7321817217529559
}