{
  "n": 4502,
  "tp": 618,
  "tn": 2519,
  "fp": 987,
  "fn": 378,
  "accuracy": 0.6968014215904043,
  "precision": 0.3850467289719626,
  "recall": 0.6204819277108434,
  "f1": 0.47520184544405997,
  "auc_approx": 0.7245490805205992
}